province;red;green;blue;x;x
1;216;31;246;Province_1;x
2;65;7;40;Province_2;x
3;137;158;173;Province_3;x
4;10;52;126;Province_4;x
5;157;164;46;Province_5;x
6;148;62;173;Province_6;x
7;82;176;150;Province_7;x
8;47;1;145;Province_8;x
9;105;6;160;Province_9;x
10;148;58;79;Province_10;x
11;140;131;196;Province_11;x
12;52;183;145;Province_12;x
13;20;60;126;Province_13;x
14;135;138;79;Province_14;x
15;19;52;126;Province_15;x
16;161;131;246;Province_16;x
17;112;131;196;Province_17;x
18;0;14;150;Province_18;x
19;76;84;126;Province_19;x
20;136;154;79;Province_20;x
21;70;161;46;Province_21;x
22;137;28;46;Province_22;x
23;160;221;196;Province_23;x
24;173;199;95;Province_24;x
25;149;78;173;Province_25;x
26;20;56;32;Province_26;x
27;134;122;79;Province_27;x
28;24;112;32;Province_28;x
29;22;96;32;Province_29;x
30;136;150;173;Province_30;x
31;74;15;246;Province_31;x
32;200;31;196;Province_32;x
33;55;10;40;Province_33;x
34;105;9;160;Province_34;x
35;69;14;250;Province_35;x
36;6;116;126;Province_36;x
37;148;161;95;Province_37;x
38;8;152;32;Province_38;x
39;85;91;46;Province_39;x
40;133;110;173;Province_40;x
41;155;5;120;Province_41;x
42;4;51;246;Province_42;x
43;211;31;246;Province_43;x
44;73;112;196;Province_44;x
45;64;119;246;Province_45;x
46;237;31;46;Province_46;x
47;25;13;70;Province_47;x
48;89;69;150;Province_48;x
49;133;102;173;Province_49;x
50;129;137;175;Province_50;x
51;131;74;79;Province_51;x
52;155;12;160;Province_52;x
53;190;100;196;Province_53;x
54;22;32;145;Province_54;x
55;10;56;32;Province_55;x
56;132;98;79;Province_56;x
57;137;34;79;Province_57;x
58;5;108;126;Province_58;x
59;158;114;95;Province_59;x
60;199;232;145;Province_60;x
61;105;11;120;Province_61;x
62;115;141;46;Province_62;x
63;15;120;32;Province_63;x
64;220;44;196;Province_64;x
65;31;64;95;Province_65;x
66;32;64;145;Province_66;x
67;140;78;173;Province_67;x
68;95;122;46;Province_68;x
69;179;219;145;Province_69;x
70;150;90;79;Province_70;x
71;113;131;196;Province_71;x
72;86;141;95;Province_72;x
73;212;215;46;Province_73;x
74;107;31;145;Province_74;x
75;22;88;32;Province_75;x
76;53;131;196;Province_76;x
77;233;111;95;Province_77;x
78;132;94;173;Province_78;x
79;5;202;46;Province_79;x
80;21;80;32;Province_80;x
81;110;1;46;Province_81;x
82;121;69;225;Province_82;x
83;9;176;225;Province_83;x
84;204;78;173;Province_84;x
85;149;74;79;Province_85;x
86;35;221;46;Province_86;x
87;20;64;32;Province_87;x
88;4;96;32;Province_88;x
89;91;2;95;Province_89;x
90;28;171;196;Province_90;x
91;56;31;95;Province_91;x
92;151;161;246;Province_92;x
93;196;31;246;Province_93;x
94;4;88;32;Province_94;x
95;170;31;196;Province_95;x
96;21;72;32;Province_96;x
97;21;76;126;Province_97;x
98;62;137;250;Province_98;x
99;17;131;145;Province_99;x
100;22;92;126;Province_100;x
101;149;70;173;Province_101;x
102;209;14;225;Province_102;x
103;133;114;79;Province_103;x
104;202;14;175;Province_104;x
105;153;130;79;Province_105;x
106;112;164;145;Province_106;x
107;238;244;95;Province_107;x
108;1;0;145;Province_108;x
109;203;41;95;Province_109;x
110;248;137;200;Province_110;x
111;134;118;173;Province_111;x
112;11;51;95;Province_112;x
113;239;18;145;Province_113;x
114;130;8;240;Province_114;x
115;203;70;173;Province_115;x
116;76;80;32;Province_116;x
117;9;32;32;Province_117;x
118;178;3;95;Province_118;x
119;23;100;126;Province_119;x
120;15;124;126;Province_120;x
121;143;122;79;Province_121;x
122;143;114;79;Province_122;x
123;23;108;126;Province_123;x
124;8;14;175;Province_124;x
125;135;130;79;Province_125;x
126;151;106;79;Province_126;x
127;131;101;246;Province_127;x
128;68;1;196;Province_128;x
129;26;3;95;Province_129;x
130;166;62;173;Province_130;x
131;23;104;32;Province_131;x
132;152;1;46;Province_132;x
133;71;194;95;Province_133;x
134;149;82;79;Province_134;x
135;151;102;173;Province_135;x
136;38;60;126;Province_136;x
137;89;121;246;Province_137;x
138;112;201;201;Province_138;x
139;144;130;79;Province_139;x
140;18;156;126;Province_140;x
141;146;158;173;Province_141;x
142;147;46;173;Province_142;x
143;18;36;126;Province_143;x
144;250;141;196;Province_144;x
145;191;123;246;Province_145;x
146;105;3;160;Province_146;x
147;147;50;79;Province_147;x
148;150;94;173;Province_148;x
149;15;116;126;Province_149;x
150;149;122;145;Province_150;x
151;236;51;246;Province_151;x
152;44;131;246;Province_152;x
153;77;132;145;Province_153;x
154;20;68;126;Province_154;x
155;237;231;46;Province_155;x
156;116;3;95;Province_156;x
157;29;41;246;Province_157;x
158;16;128;32;Province_158;x
159;97;12;145;Province_159;x
160;197;197;46;Province_160;x
161;215;2;196;Province_161;x
162;202;176;250;Province_162;x
163;239;62;192;Province_163;x
164;205;86;173;Province_164;x
165;22;84;126;Province_165;x
166;75;4;40;Province_166;x
167;111;61;95;Province_167;x
168;8;121;196;Province_168;x
169;203;66;79;Province_169;x
170;134;31;145;Province_170;x
171;150;86;173;Province_171;x
172;145;154;79;Province_172;x
173;55;1;80;Province_173;x
174;17;152;32;Province_174;x
175;19;48;32;Province_175;x
176;65;133;46;Province_176;x
177;146;34;79;Province_177;x
178;18;40;32;Province_178;x
179;55;14;120;Province_179;x
180;19;44;126;Province_180;x
181;147;42;79;Province_181;x
182;17;144;32;Province_182;x
183;2;131;145;Province_183;x
184;34;122;246;Province_184;x
185;146;38;173;Province_185;x
186;16;132;126;Province_186;x
187;139;11;145;Province_187;x
188;187;222;46;Province_188;x
189;230;31;196;Province_189;x
190;228;31;145;Province_190;x
191;124;131;246;Province_191;x
192;208;199;95;Province_192;x
193;18;32;32;Province_193;x
194;16;136;32;Province_194;x
195;103;21;196;Province_195;x
196;76;1;95;Province_196;x
197;144;138;79;Province_197;x
198;155;2;120;Province_198;x
199;142;110;173;Province_199;x
200;35;122;246;Province_200;x
201;61;31;95;Province_201;x
202;121;161;95;Province_202;x
203;58;1;196;Province_203;x
204;140;74;79;Province_204;x
205;144;134;173;Province_205;x
206;16;140;126;Province_206;x
207;166;31;246;Province_207;x
208;229;31;145;Province_208;x
209;17;148;126;Province_209;x
210;145;142;173;Province_210;x
211;82;31;145;Province_211;x
212;40;61;46;Province_212;x
213;143;118;173;Province_213;x
214;14;112;32;Province_214;x
215;19;131;246;Province_215;x
216;142;106;79;Province_216;x
217;184;31;145;Province_217;x
218;14;108;126;Province_218;x
219;14;104;32;Province_219;x
220;141;86;173;Province_220;x
221;12;76;126;Province_221;x
222;223;132;95;Province_222;x
223;101;31;95;Province_223;x
224;55;131;46;Province_224;x
225;79;131;246;Province_225;x
226;100;3;46;Province_226;x
227;142;102;173;Province_227;x
228;202;202;46;Province_228;x
229;226;41;246;Province_229;x
230;14;100;126;Province_230;x
231;247;131;46;Province_231;x
232;145;255;196;Province_232;x
233;98;31;196;Province_233;x
234;131;78;173;Province_234;x
235;2;69;200;Province_235;x
236;3;84;126;Province_236;x
237;201;176;150;Province_237;x
238;111;31;95;Province_238;x
239;7;140;126;Province_239;x
240;141;98;79;Province_240;x
241;141;94;173;Province_241;x
242;37;6;145;Province_242;x
243;13;96;32;Province_243;x
244;12;84;126;Province_244;x
245;142;31;46;Province_245;x
246;181;201;246;Province_246;x
247;206;154;246;Province_247;x
248;81;69;250;Province_248;x
249;205;1;196;Province_249;x
250;140;82;79;Province_250;x
251;12;80;32;Province_251;x
252;247;176;150;Province_252;x
253;13;92;126;Province_253;x
254;141;90;79;Province_254;x
255;167;69;225;Province_255;x
256;235;152;196;Province_256;x
257;52;132;0;Province_257;x
258;181;134;64;Province_258;x
259;241;14;175;Province_259;x
260;242;69;200;Province_260;x
261;3;76;126;Province_261;x
262;13;88;32;Province_262;x
263;3;80;32;Province_263;x
264;244;231;145;Province_264;x
265;118;131;196;Province_265;x
266;16;19;95;Province_266;x
267;161;137;250;Province_267;x
268;48;31;196;Province_268;x
269;7;132;126;Province_269;x
270;174;231;145;Province_270;x
271;131;82;79;Province_271;x
272;1;176;200;Province_272;x
273;2;60;126;Province_273;x
274;62;45;145;Province_274;x
275;182;201;46;Province_275;x
276;240;31;196;Province_276;x
277;2;72;32;Province_277;x
278;240;137;175;Province_278;x
279;249;69;250;Province_279;x
280;224;44;145;Province_280;x
281;41;14;225;Province_281;x
282;143;19;95;Province_282;x
283;130;70;173;Province_283;x
284;120;176;225;Province_284;x
285;234;31;145;Province_285;x
286;188;191;95;Province_286;x
287;160;14;250;Province_287;x
288;169;176;200;Province_288;x
289;1;137;150;Province_289;x
290;61;176;175;Province_290;x
291;131;86;173;Province_291;x
292;119;154;246;Province_292;x
293;245;31;196;Province_293;x
294;145;150;173;Province_294;x
295;163;191;95;Province_295;x
296;81;14;200;Province_296;x
297;9;36;126;Province_297;x
298;143;126;173;Province_298;x
299;11;68;126;Province_299;x
300;139;70;173;Province_300;x
301;25;128;32;Province_301;x
302;155;8;120;Province_302;x
303;24;116;126;Province_303;x
304;168;14;150;Province_304;x
305;25;191;46;Province_305;x
306;129;176;250;Province_306;x
307;135;142;173;Province_307;x
308;68;69;200;Province_308;x
309;46;231;95;Province_309;x
310;8;148;126;Province_310;x
311;6;124;126;Province_311;x
312;50;131;46;Province_312;x
313;24;120;32;Province_313;x
314;24;124;126;Province_314;x
315;176;181;246;Province_315;x
316;138;54;173;Province_316;x
317;153;126;173;Province_317;x
318;145;64;232;Province_318;x
319;217;131;46;Province_319;x
320;175;43;196;Province_320;x
321;8;144;32;Province_321;x
322;134;126;173;Province_322;x
323;128;176;250;Province_323;x
324;6;128;32;Province_324;x
325;132;90;79;Province_325;x
326;172;191;46;Province_326;x
327;109;41;246;Province_327;x
328;88;137;225;Province_328;x
329;136;146;79;Province_329;x
330;7;131;145;Province_330;x
331;4;92;126;Province_331;x
332;88;38;196;Province_332;x
333;6;120;32;Province_333;x
334;152;118;173;Province_334;x
335;76;76;126;Province_335;x
336;154;243;145;Province_336;x
337;7;136;32;Province_337;x
338;150;128;236;Province_338;x
339;208;69;175;Province_339;x
340;152;114;79;Province_340;x
341;214;231;145;Province_341;x
342;135;134;173;Province_342;x
343;192;101;46;Province_343;x
344;152;122;79;Province_344;x
345;221;144;246;Province_345;x
346;138;50;79;Province_346;x
347;137;38;173;Province_347;x
348;49;141;246;Province_348;x
349;8;156;126;Province_349;x
350;137;42;79;Province_350;x
351;10;48;32;Province_351;x
352;218;26;95;Province_352;x
353;92;45;145;Province_353;x
354;9;40;32;Province_354;x
355;139;66;79;Province_355;x
356;136;158;246;Province_356;x
357;138;46;173;Province_357;x
358;11;64;32;Province_358;x
359;151;110;173;Province_359;x
360;94;48;246;Province_360;x
361;139;62;173;Province_361;x
362;155;31;196;Province_362;x
363;139;58;79;Province_363;x
364;11;60;126;Province_364;x
365;10;44;126;Province_365;x
366;10;121;46;Province_366;x
367;255;21;160;Province_367;x
368;209;146;255;Province_368;x
369;203;173;64;Province_369;x
370;143;34;255;Province_370;x
371;188;164;69;Province_371;x
372;136;124;77;Province_372;x
373;75;68;0;Province_373;x
374;255;120;0;Province_374;x
375;169;212;66;Province_375;x
376;63;0;244;Province_376;x
377;205;90;64;Province_377;x
378;179;186;121;Province_378;x
379;136;232;0;Province_379;x
380;163;195;165;Province_380;x
381;203;66;255;Province_381;x
382;38;123;72;Province_382;x
383;81;142;66;Province_383;x
384;200;161;210;Province_384;x
385;154;52;179;Province_385;x
386;76;72;128;Province_386;x
387;160;139;213;Province_387;x
388;81;148;103;Province_388;x
389;88;201;147;Province_389;x
390;98;169;103;Province_390;x
391;41;164;76;Province_391;x
392;65;0;232;Province_392;x
393;205;94;192;Province_393;x
394;181;86;133;Province_394;x
395;201;38;0;Province_395;x
396;73;32;128;Province_396;x
397;197;225;191;Province_397;x
398;204;82;79;Province_398;x
399;12;72;32;Province_399;x
400;75;68;126;Province_400;x
401;122;234;32;Province_401;x
402;193;162;69;Province_402;x
403;200;150;128;Province_403;x
404;66;30;116;Province_404;x
405;96;229;237;Province_405;x
406;36;125;131;Province_406;x
407;215;241;160;Province_407;x
408;202;50;64;Province_408;x
409;156;201;151;Province_409;x
410;75;60;64;Province_410;x
411;32;140;221;Province_411;x
412;230;190;64;Province_412;x
413;117;210;107;Province_413;x
414;73;40;64;Province_414;x
415;49;208;224;Province_415;x
416;145;120;59;Province_416;x
417;156;61;221;Province_417;x
418;66;156;186;Province_418;x
419;72;144;255;Province_419;x
420;124;37;78;Province_420;x
421;177;200;201;Province_421;x
422;202;218;255;Province_422;x
423;53;215;217;Province_423;x
424;74;48;0;Province_424;x
425;193;76;178;Province_425;x
426;217;58;31;Province_426;x
427;50;71;157;Province_427;x
428;200;146;0;Province_428;x
429;72;225;192;Province_429;x
430;72;148;64;Province_430;x
431;201;34;192;Province_431;x
432;201;42;128;Province_432;x
433;205;97;50;Province_433;x
434;159;60;34;Province_434;x
435;212;53;53;Province_435;x
436;225;142;66;Province_436;x
437;33;53;48;Province_437;x
438;26;88;92;Province_438;x
439;224;213;178;Province_439;x
440;199;142;192;Province_440;x
441;184;27;108;Province_441;x
442;73;36;255;Province_442;x
443;116;145;119;Province_443;x
444;231;98;182;Province_444;x
445;132;140;221;Province_445;x
446;100;83;123;Province_446;x
447;255;192;227;Province_447;x
448;212;178;42;Province_448;x
449;121;210;41;Province_449;x
450;151;175;205;Province_450;x
451;123;184;128;Province_451;x
452;201;158;64;Province_452;x
453;200;154;255;Province_453;x
454;13;33;111;Province_454;x
455;255;102;0;Province_455;x
456;123;181;72;Province_456;x
457;152;160;243;Province_457;x
458;230;154;212;Province_458;x
459;72;156;0;Province_459;x
460;90;187;34;Province_460;x
461;102;77;89;Province_461;x
462;77;92;128;Province_462;x
463;77;96;255;Province_463;x
464;203;62;128;Province_464;x
465;27;212;53;Province_465;x
466;78;104;192;Province_466;x
467;54;145;99;Province_467;x
468;82;102;0;Province_468;x
469;193;52;118;Province_469;x
470;79;116;255;Province_470;x
471;74;44;192;Province_471;x
472;75;196;192;Province_472;x
473;57;188;152;Province_473;x
474;203;58;0;Province_474;x
475;74;56;255;Province_475;x
476;202;46;255;Province_476;x
477;170;185;212;Province_477;x
478;169;43;205;Province_478;x
479;237;96;10;Province_479;x
480;75;190;64;Province_480;x
481;175;215;67;Province_481;x
482;207;126;255;Province_482;x
483;71;99;200;Province_483;x
484;108;61;52;Province_484;x
485;167;66;99;Province_485;x
486;118;126;72;Province_486;x
487;63;93;131;Province_487;x
488;115;78;240;Province_488;x
489;127;14;200;Province_489;x
490;207;145;145;Province_490;x
491;112;32;64;Province_491;x
492;101;44;0;Province_492;x
493;228;34;0;Province_493;x
494;68;108;100;Province_494;x
495;61;145;123;Province_495;x
496;219;157;116;Province_496;x
497;155;64;94;Province_497;x
498;110;157;103;Province_498;x
499;33;52;116;Province_499;x
500;78;108;0;Province_500;x
501;74;162;0;Province_501;x
502;184;119;42;Province_502;x
503;74;52;128;Province_503;x
504;67;0;240;Province_504;x
505;105;104;0;Province_505;x
506;86;55;145;Province_506;x
507;118;110;21;Province_507;x
508;187;154;212;Province_508;x
509;234;189;93;Province_509;x
510;52;169;90;Province_510;x
511;136;104;42;Province_511;x
512;224;106;128;Province_512;x
513;140;34;49;Province_513;x
514;35;68;112;Province_514;x
515;119;120;192;Province_515;x
516;229;46;64;Province_516;x
517;217;220;84;Province_517;x
518;72;156;126;Province_518;x
519;181;138;192;Province_519;x
520;181;142;0;Province_520;x
521;180;212;180;Province_521;x
522;91;132;207;Province_522;x
523;53;144;64;Province_523;x
524;53;136;128;Province_524;x
525;181;38;38;Province_525;x
526;177;112;53;Province_526;x
527;53;140;255;Province_527;x
528;163;146;255;Province_528;x
529;35;144;192;Province_529;x
530;212;118;56;Province_530;x
531;236;203;22;Province_531;x
532;36;152;128;Province_532;x
533;186;74;52;Province_533;x
534;231;127;43;Province_534;x
535;185;241;202;Province_535;x
536;254;103;217;Province_536;x
537;100;36;64;Province_537;x
538;166;203;93;Province_538;x
539;222;47;96;Province_539;x
540;155;153;90;Province_540;x
541;33;116;255;Province_541;x
542;44;45;128;Province_542;x
543;118;126;240;Province_543;x
544;196;187;21;Province_544;x
545;121;152;64;Province_545;x
546;229;38;128;Province_546;x
547;119;138;144;Province_547;x
548;100;152;0;Province_548;x
549;56;144;141;Province_549;x
550;215;210;43;Province_550;x
551;93;222;112;Province_551;x
552;97;112;0;Province_552;x
553;90;182;176;Province_553;x
554;208;138;0;Province_554;x
555;96;104;64;Province_555;x
556;101;40;192;Province_556;x
557;227;150;255;Province_557;x
558;229;42;255;Province_558;x
559;73;32;32;Province_559;x
560;130;111;51;Province_560;x
561;186;179;78;Province_561;x
562;75;240;74;Province_562;x
563;94;76;128;Province_563;x
564;61;102;20;Province_564;x
565;193;131;23;Province_565;x
566;69;205;50;Province_566;x
567;32;124;32;Province_567;x
568;96;108;192;Province_568;x
569;255;216;0;Province_569;x
570;127;0;0;Province_570;x
571;225;110;255;Province_571;x
572;149;33;33;Province_572;x
573;80;140;64;Province_573;x
574;122;61;105;Province_574;x
575;224;102;0;Province_575;x
576;174;133;74;Province_576;x
577;80;32;128;Province_577;x
578;255;117;154;Province_578;x
579;211;46;192;Province_579;x
580;84;237;87;Province_580;x
581;222;74;64;Province_581;x
582;130;85;172;Province_582;x
583;7;115;1;Province_583;x
584;155;170;197;Province_584;x
585;159;86;255;Province_585;x
586;231;35;179;Province_586;x
587;30;80;64;Province_587;x
588;67;84;126;Province_588;x
589;184;42;69;Province_589;x
590;50;96;128;Province_590;x
591;176;70;255;Province_591;x
592;178;94;64;Province_592;x
593;48;72;0;Province_593;x
594;73;146;227;Province_594;x
595;43;46;167;Province_595;x
596;33;112;128;Province_596;x
597;183;26;10;Province_597;x
598;159;82;128;Province_598;x
599;158;78;0;Province_599;x
600;146;158;128;Province_600;x
601;187;90;79;Province_601;x
602;31;88;0;Province_602;x
603;157;62;128;Province_603;x
604;195;74;79;Province_604;x
605;200;58;78;Province_605;x
606;240;89;1;Province_606;x
607;30;76;255;Province_607;x
608;232;11;11;Province_608;x
609;156;42;128;Province_609;x
610;140;82;255;Province_610;x
611;146;207;152;Province_611;x
612;33;120;64;Province_612;x
613;161;114;192;Province_613;x
614;152;114;255;Province_614;x
615;162;130;64;Province_615;x
616;203;124;124;Province_616;x
617;163;142;128;Province_617;x
618;219;150;147;Province_618;x
619;229;133;39;Province_619;x
620;221;244;212;Province_620;x
621;34;128;0;Province_621;x
622;83;52;126;Province_622;x
623;160;66;61;Province_623;x
624;162;126;255;Province_624;x
625;207;182;116;Province_625;x
626;162;134;192;Province_626;x
627;34;132;128;Province_627;x
628;160;91;132;Province_628;x
629;35;140;64;Province_629;x
630;231;51;43;Province_630;x
631;161;118;0;Province_631;x
632;24;116;0;Province_632;x
633;152;118;64;Province_633;x
634;34;124;192;Province_634;x
635;177;171;135;Province_635;x
636;34;136;255;Province_636;x
637;161;122;128;Province_637;x
638;196;128;0;Province_638;x
639;163;138;0;Province_639;x
640;211;50;79;Province_640;x
641;206;210;106;Province_641;x
642;24;120;128;Province_642;x
643;24;112;192;Province_643;x
644;86;88;32;Province_644;x
645;153;130;128;Province_645;x
646;115;143;176;Province_646;x
647;234;156;30;Province_647;x
648;90;50;219;Province_648;x
649;26;140;128;Province_649;x
650;12;80;192;Province_650;x
651;140;78;128;Province_651;x
652;194;70;173;Province_652;x
653;154;146;0;Province_653;x
654;12;84;0;Province_654;x
655;84;60;126;Province_655;x
656;26;148;64;Province_656;x
657;154;142;192;Province_657;x
658;212;131;52;Province_658;x
659;26;144;255;Province_659;x
660;151;110;128;Province_660;x
661;25;132;192;Province_661;x
662;212;62;173;Province_662;x
663;153;138;64;Province_663;x
664;154;150;128;Province_664;x
665;141;86;64;Province_665;x
666;227;148;148;Province_666;x
667;155;158;64;Province_667;x
668;141;90;192;Province_668;x
669;157;54;192;Province_669;x
670;156;46;255;Province_670;x
671;27;32;128;Province_671;x
672;208;37;117;Province_672;x
673;28;44;192;Province_673;x
674;220;251;47;Province_674;x
675;25;128;64;Province_675;x
676;188;67;67;Province_676;x
677;84;64;32;Province_677;x
678;157;124;213;Province_678;x
679;30;72;128;Province_679;x
680;158;74;192;Province_680;x
681;158;70;64;Province_681;x
682;156;50;64;Province_682;x
683;27;36;255;Province_683;x
684;24;124;255;Province_684;x
685;119;212;150;Province_685;x
686;86;92;126;Province_686;x
687;153;134;255;Province_687;x
688;27;156;0;Province_688;x
689;155;38;0;Province_689;x
690;153;88;207;Province_690;x
691;227;104;55;Province_691;x
692;25;136;0;Province_692;x
693;28;248;0;Province_693;x
694;29;56;255;Province_694;x
695;30;68;0;Province_695;x
696;157;66;255;Province_696;x
697;153;126;0;Province_697;x
698;67;76;126;Province_698;x
699;152;122;192;Province_699;x
700;28;52;128;Province_700;x
701;28;40;64;Province_701;x
702;243;21;172;Province_702;x
703;181;150;96;Province_703;x
704;217;244;86;Province_704;x
705;68;8;179;Province_705;x
706;29;60;64;Province_706;x
707;146;111;28;Province_707;x
708;175;58;192;Province_708;x
709;239;225;105;Province_709;x
710;106;112;255;Province_710;x
711;81;145;18;Province_711;x
712;44;225;91;Province_712;x
713;239;49;105;Province_713;x
714;94;145;166;Province_714;x
715;225;45;45;Province_715;x
716;234;118;128;Province_716;x
717;72;80;35;Province_717;x
718;234;110;192;Province_718;x
719;114;125;229;Province_719;x
720;106;108;128;Province_720;x
721;126;69;150;Province_721;x
722;194;235;0;Province_722;x
723;184;44;219;Province_723;x
724;106;120;192;Province_724;x
725;106;116;64;Province_725;x
726;219;26;16;Province_726;x
727;236;138;128;Province_727;x
728;108;136;64;Province_728;x
729;200;153;63;Province_729;x
730;196;122;203;Province_730;x
731;217;232;114;Province_731;x
732;232;205;202;Province_732;x
733;108;144;0;Province_733;x
734;52;123;87;Province_734;x
735;236;171;15;Province_735;x
736;200;160;82;Province_736;x
737;107;124;0;Province_737;x
738;107;128;128;Province_738;x
739;235;130;192;Province_739;x
740;235;122;255;Province_740;x
741;170;114;79;Province_741;x
742;160;151;133;Province_742;x
743;200;111;182;Province_743;x
744;66;176;225;Province_744;x
745;40;80;32;Province_745;x
746;235;126;64;Province_746;x
747;120;119;108;Province_747;x
748;240;113;207;Province_748;x
749;120;75;185;Province_749;x
750;169;98;79;Province_750;x
751;168;86;173;Province_751;x
752;80;73;160;Province_752;x
753;40;92;126;Province_753;x
754;120;137;132;Province_754;x
755;62;16;191;Province_755;x
756;49;196;123;Province_756;x
757;244;126;0;Province_757;x
758;37;44;126;Province_758;x
759;160;109;157;Province_759;x
760;40;84;126;Province_760;x
761;39;76;126;Province_761;x
762;52;124;64;Province_762;x
763;160;139;157;Province_763;x
764;80;135;107;Province_764;x
765;167;78;173;Province_765;x
766;237;42;10;Province_766;x
767;218;229;92;Province_767;x
768;208;20;175;Province_768;x
769;227;16;124;Province_769;x
770;167;74;79;Province_770;x
771;21;102;201;Province_771;x
772;133;105;215;Province_772;x
773;235;134;0;Province_773;x
774;107;132;255;Province_774;x
775;229;22;80;Province_775;x
776;220;138;41;Province_776;x
777;166;19;60;Province_777;x
778;177;86;128;Province_778;x
779;168;82;79;Province_779;x
780;74;44;126;Province_780;x
781;39;72;32;Province_781;x
782;40;115;232;Province_782;x
783;200;91;211;Province_783;x
784;40;83;11;Province_784;x
785;160;133;84;Province_785;x
786;200;135;109;Province_786;x
787;170;118;173;Province_787;x
788;80;141;184;Province_788;x
789;116;98;168;Province_789;x
790;80;117;83;Province_790;x
791;42;112;32;Province_791;x
792;42;116;126;Province_792;x
793;222;176;35;Province_793;x
794;170;110;173;Province_794;x
795;49;80;255;Province_795;x
796;159;94;192;Province_796;x
797;177;78;192;Province_797;x
798;252;31;46;Province_798;x
799;6;134;126;Province_799;x
800;173;82;127;Province_800;x
801;189;221;145;Province_801;x
802;198;135;133;Province_802;x
803;195;207;97;Province_803;x
804;63;119;196;Province_804;x
805;168;151;95;Province_805;x
806;147;151;46;Province_806;x
807;49;84;64;Province_807;x
808;49;88;192;Province_808;x
809;231;15;246;Province_809;x
810;177;90;255;Province_810;x
811;42;108;126;Province_811;x
812;42;12;145;Province_812;x
813;178;98;192;Province_813;x
814;21;1;95;Province_814;x
815;50;100;255;Province_815;x
816;169;106;79;Province_816;x
817;202;46;173;Province_817;x
818;123;51;196;Province_818;x
819;50;92;0;Province_819;x
820;165;31;196;Province_820;x
821;81;109;203;Province_821;x
822;252;131;46;Province_822;x
823;186;131;246;Province_823;x
824;228;231;95;Province_824;x
825;68;230;179;Province_825;x
826;55;246;23;Province_826;x
827;29;64;192;Province_827;x
828;105;24;165;Province_828;x
829;189;121;145;Province_829;x
830;81;144;95;Province_830;x
831;207;131;46;Province_831;x
832;148;133;60;Province_832;x
833;144;31;145;Province_833;x
834;178;102;0;Province_834;x
835;39;31;246;Province_835;x
836;145;146;64;Province_836;x
837;199;130;79;Province_837;x
838;50;104;64;Province_838;x
839;16;140;192;Province_839;x
840;178;31;114;Province_840;x
841;20;64;255;Province_841;x
842;82;36;126;Province_842;x
843;21;72;192;Province_843;x
844;20;68;64;Province_844;x
845;149;74;255;Province_845;x
846;118;176;123;Province_846;x
847;173;158;255;Province_847;x
848;209;68;153;Province_848;x
849;148;62;192;Province_849;x
850;206;227;169;Province_850;x
851;45;156;192;Province_851;x
852;145;150;192;Province_852;x
853;232;5;5;Province_853;x
854;69;25;75;Province_854;x
855;45;32;0;Province_855;x
856;188;110;220;Province_856;x
857;149;78;64;Province_857;x
858;45;152;64;Province_858;x
859;69;112;32;Province_859;x
860;200;147;147;Province_860;x
861;234;227;107;Province_861;x
862;173;154;128;Province_862;x
863;245;152;169;Province_863;x
864;179;106;128;Province_864;x
865;17;152;255;Province_865;x
866;149;70;128;Province_866;x
867;245;244;179;Province_867;x
868;148;66;0;Province_868;x
869;227;135;53;Province_869;x
870;37;133;180;Province_870;x
871;51;108;192;Province_871;x
872;157;215;209;Province_872;x
873;151;102;192;Province_873;x
874;4;24;61;Province_874;x
875;99;77;195;Province_875;x
876;51;172;108;Province_876;x
877;251;0;36;Province_877;x
878;15;161;198;Province_878;x
879;51;116;128;Province_879;x
880;173;34;64;Province_880;x
881;105;195;57;Province_881;x
882;52;120;255;Province_882;x
883;149;201;61;Province_883;x
884;255;230;147;Province_884;x
885;46;36;128;Province_885;x
886;179;118;192;Province_886;x
887;139;22;59;Province_887;x
888;179;110;255;Province_888;x
889;174;46;128;Province_889;x
890;63;128;27;Province_890;x
891;195;83;191;Province_891;x
892;184;58;79;Province_892;x
893;185;62;173;Province_893;x
894;206;231;202;Province_895;x
895;180;122;0;Province_896;x
896;62;48;146;Province_897;x
897;179;114;64;Province_898;x
898;214;231;24;Province_899;x
899;213;56;56;Province_900;x
900;212;227;131;Province_901;x
901;121;21;154;Province_902;x
902;158;168;213;Province_903;x
903;57;164;32;Province_904;x
904;182;158;192;Province_905;x
905;0;120;91;Province_906;x
906;59;82;37;Province_907;x
907;255;14;59;Province_908;x
908;225;224;174;Province_909;x
909;55;36;64;Province_910;x
910;238;16;102;Province_911;x
911;58;80;192;Province_912;x
912;91;4;48;Province_913;x
913;0;120;94;Province_914;x
914;9;115;187;Province_915;x
915;210;25;111;Province_916;x
916;157;34;114;Province_917;x
917;69;59;200;Province_918;x
918;183;46;64;Province_919;x
919;252;183;112;Province_920;x
920;250;203;224;Province_921;x
921;56;56;32;Province_922;x
922;55;36;126;Province_923;x
923;127;84;164;Province_924;x
924;31;210;90;Province_925;x
925;56;52;255;Province_926;x
926;219;23;88;Province_927;x
927;183;34;0;Province_928;x
928;188;102;18;Province_929;x
929;201;24;126;Province_930;x
930;255;21;245;Province_931;x
931;184;54;173;Province_932;x
932;54;32;255;Province_933;x
933;56;252;126;Province_934;x
934;56;60;126;Province_935;x
935;101;125;54;Province_936;x
936;203;185;45;Province_937;x
937;184;50;192;Province_938;x
938;239;69;139;Province_939;x
939;51;112;0;Province_940;x
940;163;183;82;Province_941;x
941;184;65;29;Province_942;x
942;81;144;192;Province_943;x
943;154;12;26;Province_944;x
944;26;140;126;Province_945;x
945;86;96;192;Province_946;x
946;137;76;72;Province_947;x
947;26;152;32;Province_948;x
948;78;104;32;Province_949;x
949;182;255;0;Province_950;x
950;65;34;80;Province_951;x
951;88;112;64;Province_952;x
952;87;100;0;Province_953;x
953;209;146;79;Province_954;x
954;215;102;64;Province_955;x
955;215;106;192;Province_956;x
956;94;72;0;Province_957;x
957;131;123;246;Province_958;x
958;223;76;249;Province_959;x
959;255;75;66;Province_960;x
960;93;60;255;Province_961;x
961;137;255;104;Province_962;x
962;224;40;15;Province_963;x
963;210;38;255;Province_964;x
964;77;88;32;Province_964;x
965;255;242;109;Province_965;x
966;7;183;221;Province_966;x
967;211;54;128;Province_967;x
968;145;54;67;Province_968;x
969;255;163;137;Province_969;x
970;215;110;0;Province_970;x
971;38;227;36;Province_971;x
972;215;98;255;Province_972;x
973;83;48;255;Province_973;x
974;82;40;0;Province_974;x
975;255;160;58;Province_975;x
976;211;50;0;Province_976;x
977;83;52;64;Province_977;x
978;212;58;255;Province_978;x
979;213;82;64;Province_979;x
980;84;60;0;Province_980;x
981;87;141;35;Province_981;x
982;213;130;225;Province_982;x
983;77;92;126;Province_983;x
984;84;56;192;Province_984;x
985;34;65;11;Province_985;x
986;87;108;255;Province_986;x
987;17;79;170;Province_987;x
988;127;31;12;Province_988;x
989;91;112;0;Province_989;x
990;86;88;255;Province_990;x
991;0;148;255;Province_991;x
992;87;104;128;Province_992;x
993;42;127;127;Province_993;x
994;86;84;128;Province_994;x
995;214;86;192;Province_995;x
996;85;80;0;Province_996;x
997;84;64;128;Province_997;x
998;32;38;255;Province_998;x
999;212;62;64;Province_999;x
1000;255;92;71;Province_1000;x
1001;209;206;232;Province_1001;x
1002;63;134;173;Province_1002;x
1003;255;223;172;Province_1003;x
1004;255;150;0;Province_1004;x
1005;155;167;88;Province_1005;x
1006;162;130;79;Province_1006;x
1007;196;94;255;Province_1007;x
1008;161;130;79;Province_1008;x
1009;231;61;8;Province_1009;x
1010;170;202;126;Province_1010;x
1011;161;122;79;Province_1011;x
1012;175;88;119;Province_1012;x
1013;153;102;93;Province_1013;x
1014;68;88;64;Province_1014;x
1015;255;186;0;Province_1015;x
1016;211;106;44;Province_1016;x
1017;196;69;0;Province_1017;x
1018;197;102;173;Province_1018;x
1019;135;130;255;Province_1019;x
1020;135;134;64;Province_1020;x
1021;6;128;192;Province_1021;x
1022;211;46;173;Province_1022;x
1023;136;48;142;Province_1023;x
1024;136;150;255;Province_1024;x
1025;255;90;0;Province_1025;x
1026;68;40;113;Province_1026;x
1027;68;92;192;Province_1027;x
1028;34;228;32;Province_1028;x
1029;8;148;192;Province_1029;x
1030;7;132;0;Province_1030;x
1031;85;232;161;Province_1031;x
1032;8;152;0;Province_1032;x
1033;37;48;255;Province_1033;x
1034;36;156;255;Province_1034;x
1035;25;31;246;Province_1035;x
1036;121;225;101;Province_1036;x
1037;243;1;69;Province_1037;x
1038;197;110;173;Province_1038;x
1039;20;131;46;Province_1039;x
1040;104;124;246;Province_1040;x
1041;129;46;173;Province_1041;x
1042;82;14;175;Province_1042;x
1043;128;42;79;Province_1043;x
1044;104;54;246;Province_1044;x
1045;43;137;200;Province_1045;x
1046;213;213;95;Province_1046;x
1047;42;176;150;Province_1047;x
1048;248;248;95;Province_1048;x
1049;167;37;46;Province_1049;x
1050;195;31;196;Province_1050;x
1051;128;38;173;Province_1051;x
1052;81;81;192;Province_1052;x
1053;103;104;152;Province_1053;x
1054;3;69;175;Province_1054;x
1055;162;137;225;Province_1055;x
1056;100;226;85;Province_1056;x
1057;164;158;0;Province_1057;x
1058;0;44;126;Province_1058;x
1059;36;36;192;Province_1059;x
1060;36;32;64;Province_1060;x
1061;83;48;32;Province_1061;x
1062;239;33;81;Province_1062;x
1063;133;114;64;Province_1063;x
1064;167;74;128;Province_1064;x
1065;166;58;255;Province_1065;x
1066;164;34;128;Province_1066;x
1067;237;158;128;Province_1067;x
1068;85;0;225;Province_1068;x
1069;65;48;64;Province_1069;x
1070;23;130;61;Province_1070;x
1071;62;140;192;Province_1071;x
1072;151;50;205;Province_1072;x
1073;88;124;126;Province_1073;x
1074;88;120;32;Province_1074;x
1075;193;46;0;Province_1075;x
1076;45;117;167;Province_1076;x
1077;63;148;128;Province_1077;x
1078;145;49;49;Province_1078;x
1079;217;126;173;Province_1079;x
1080;65;52;192;Province_1080;x
1081;89;128;32;Province_1081;x
1082;178;231;94;Province_1082;x
1083;64;44;255;Province_1083;x
1084;64;32;192;Province_1084;x
1085;72;152;32;Province_1085;x
1086;115;86;112;Province_1086;x
1087;193;58;64;Province_1087;x
1088;192;42;192;Province_1088;x
1089;64;36;0;Province_1089;x
1090;208;26;73;Province_1090;x
1091;208;154;12;Province_1091;x
1092;192;38;64;Province_1092;x
1093;40;59;211;Province_1093;x
1094;191;146;64;Province_1094;x
1095;216;122;79;Province_1095;x
1096;193;54;255;Province_1096;x
1097;193;50;128;Province_1097;x
1098;101;69;107;Province_1098;x
1099;196;90;128;Province_1099;x
1100;193;133;132;Province_1100;x
1101;140;69;200;Province_1101;x
1102;122;48;97;Province_1102;x
1103;179;181;74;Province_1103;x
1104;62;144;0;Province_1104;x
1105;193;255;128;Province_1105;x
1106;155;139;47;Province_1106;x
1107;63;152;255;Province_1107;x
1108;191;154;0;Province_1108;x
1109;165;38;255;Province_1109;x
1110;63;156;64;Province_1110;x
1111;191;158;128;Province_1111;x
1112;90;156;34;Province_1112;x
1113;149;186;149;Province_1113;x
1114;215;155;85;Province_1114;x
1115;165;72;137;Province_1115;x
1116;222;47;29;Province_1116;x
1117;40;196;198;Province_1117;x
1118;39;216;132;Province_1118;x
1119;65;56;0;Province_1119;x
1120;233;102;255;Province_1120;x
1121;145;24;24;Province_1121;x
1122;158;186;44;Province_1122;x
1123;81;148;126;Province_1123;x
1124;228;158;192;Province_1124;x
1125;94;52;48;Province_1125;x
1126;191;220;33;Province_1126;x
1127;201;70;30;Province_1127;x
1128;208;71;200;Province_1128;x
1129;41;15;95;Province_1129;x
1130;58;76;64;Province_1130;x
1131;59;92;255;Province_1131;x
1132;187;24;90;Province_1132;x
1133;227;142;0;Province_1133;x
1134;226;134;64;Province_1134;x
1135;205;90;79;Province_1135;x
1136;233;98;128;Province_1136;x
1137;115;210;143;Province_1137;x
1138;104;143;106;Province_1138;x
1139;84;80;128;Province_1139;x
1140;86;118;240;Province_1140;x
1141;187;24;155;Province_1141;x
1142;17;195;138;Province_1142;x
1143;168;219;32;Province_1143;x
1144;208;198;117;Province_1144;x
1145;238;254;148;Province_1145;x
1146;98;132;0;Province_1146;x
1147;31;182;184;Province_1147;x
1148;210;34;128;Province_1148;x
1149;62;136;64;Province_1149;x
1150;190;44;0;Province_1150;x
1151;190;72;59;Province_1151;x
1152;82;32;64;Province_1152;x
1153;83;131;220;Province_1153;x
1154;206;110;64;Province_1154;x
1155;224;12;72;Province_1155;x
1156;81;81;221;Province_1156;x
1157;79;184;27;Province_1157;x
1158;58;84;0;Province_1158;x
1159;58;88;128;Province_1159;x
1160;27;169;8;Province_1160;x
1161;99;148;192;Province_1161;x
1162;153;31;95;Province_1162;x
1163;203;13;178;Province_1163;x
1164;90;31;46;Province_1164;x
1165;116;132;192;Province_1165;x
1166;26;229;50;Province_1166;x
1167;203;137;175;Province_1167;x
1168;117;136;0;Province_1168;x
1169;123;80;42;Province_1169;x
1170;85;160;133;Province_1170;x
1171;207;122;128;Province_1171;x
1172;193;0;241;Province_1172;x
1173;171;177;19;Province_1173;x
1174;80;132;128;Province_1174;x
1175;53;124;86;Province_1175;x
1176;206;106;255;Province_1176;x
1177;145;107;154;Province_1177;x
1178;205;119;117;Province_1178;x
1179;34;42;215;Province_1179;x
1180;206;102;128;Province_1180;x
1181;204;69;225;Province_1181;x
1182;244;137;250;Province_1182;x
1183;244;130;128;Province_1183;x
1184;0;36;126;Province_1184;x
1185;200;135;255;Province_1185;x
1186;45;116;57;Province_1186;x
1187;148;136;138;Province_1187;x
1188;38;83;21;Province_1188;x
1189;169;171;101;Province_1189;x
1190;149;183;181;Province_1190;x
1191;255;19;90;Province_1191;x
1192;219;203;71;Province_1192;x
1193;198;203;170;Province_1193;x
1194;179;62;43;Province_1194;x
1195;210;243;194;Province_1195;x
1196;71;148;48;Province_1196;x
1197;78;100;64;Province_1197;x
1198;95;101;222;Province_1198;x
1199;139;196;111;Province_1199;x
1200;207;118;0;Province_1200;x
1201;174;31;98;Province_1201;x
1202;219;144;64;Province_1202;x
1203;210;158;0;Province_1203;x
1204;85;174;169;Province_1204;x
1205;143;28;164;Province_1205;x
1206;246;92;62;Province_1206;x
1207;181;16;160;Province_1207;x
1208;171;132;97;Province_1208;x
1209;156;201;221;Province_1209;x
1210;78;155;191;Province_1210;x
1211;202;54;192;Province_1211;x
1212;156;116;221;Province_1212;x
1213;245;138;64;Province_1213;x
1214;30;17;88;Province_1214;x
1215;79;120;64;Province_1215;x
1216;174;36;95;Province_1216;x
1217;222;94;94;Province_1217;x
1218;148;81;21;Province_1218;x
1219;208;134;192;Province_1219;x
1220;213;242;165;Province_1220;x
1221;203;70;64;Province_1221;x
1222;186;154;125;Province_1222;x
1223;16;245;155;Province_1223;x
1224;205;98;0;Province_1224;x
1225;164;123;44;Province_1225;x
1226;255;20;120;Province_1226;x
1227;139;213;167;Province_1227;x
1228;198;87;134;Province_1228;x
1229;204;74;192;Province_1229;x
1230;76;76;255;Province_1230;x
1231;204;78;0;Province_1231;x
1232;16;134;155;Province_1232;x
1233;66;0;236;Province_1233;x
1234;125;191;66;Province_1234;x
1235;152;147;85;Province_1235;x
1236;156;172;45;Province_1236;x
1237;76;84;192;Province_1237;x
1238;204;82;128;Province_1238;x
1239;133;65;23;Province_1239;x
1240;52;160;146;Province_1240;x
1241;82;156;255;Province_1241;x
1242;97;198;71;Province_1242;x
1243;0;225;69;Province_1243;x
1244;213;157;165;Province_1244;x
1245;208;130;64;Province_1245;x
1246;203;30;140;Province_1246;x
1247;79;124;192;Province_1247;x
1248;128;58;103;Province_1248;x
1249;78;112;128;Province_1249;x
1250;73;18;169;Province_1250;x
1251;205;86;82;Province_1251;x
1252;33;48;2;Province_1252;x
1253;167;163;46;Province_1253;x
1254;80;128;0;Province_1254;x
1255;142;80;134;Province_1255;x
1256;160;208;76;Province_1256;x
1257;207;114;192;Province_1257;x
1258;178;193;146;Province_1258;x
1259;245;134;255;Province_1259;x
1260;186;136;135;Province_1260;x
1261;205;86;255;Province_1261;x
1262;117;239;166;Province_1262;x
1263;157;72;136;Province_1263;x
1264;178;189;107;Province_1264;x
1265;227;170;169;Province_1265;x
1266;231;58;53;Province_1266;x
1267;166;186;106;Province_1267;x
1268;81;152;128;Province_1268;x
1269;76;80;64;Province_1269;x
1270;186;239;22;Province_1270;x
1271;193;207;44;Province_1271;x
1272;154;153;27;Province_1272;x
1273;77;88;0;Province_1273;x
1274;255;17;120;Province_1274;x
1275;195;123;121;Province_1275;x
1276;161;165;225;Province_1276;x
1277;64;0;248;Province_1277;x
1278;210;55;24;Province_1278;x
1279;116;128;64;Province_1279;x
1280;223;82;0;Province_1280;x
1281;95;84;64;Province_1281;x
1282;65;52;224;Province_1282;x
1283;95;88;192;Province_1283;x
1284;79;116;126;Province_1284;x
1285;94;68;192;Province_1285;x
1286;246;154;255;Province_1286;x
1287;84;137;150;Province_1287;x
1288;178;202;173;Province_1288;x
1289;50;104;32;Province_1289;x
1290;118;156;0;Province_1290;x
1291;31;196;124;Province_1291;x
1292;44;69;250;Province_1292;x
1293;118;148;64;Province_1293;x
1294;124;176;175;Province_1294;x
1295;68;93;174;Province_1295;x
1296;208;224;161;Province_1296;x
1297;109;200;200;Province_1297;x
1298;212;203;165;Province_1298;x
1299;198;118;64;Province_1299;x
1300;193;104;146;Province_1300;x
1301;118;32;128;Province_1301;x
1302;125;137;225;Province_1302;x
1303;246;150;128;Province_1303;x
1304;205;227;166;Province_1304;x
1305;117;144;255;Province_1305;x
1306;197;110;128;Province_1306;x
1307;0;40;32;Province_1307;x
1308;205;14;150;Province_1308;x
1309;166;137;175;Province_1309;x
1310;70;116;0;Province_1310;x
1311;246;14;225;Province_1311;x
1312;45;131;46;Province_1312;x
1313;49;80;32;Province_1313;x
1314;177;82;79;Province_1314;x
1315;177;78;173;Province_1315;x
1316;48;76;126;Province_1316;x
1317;176;74;79;Province_1317;x
1318;16;91;52;Province_1318;x
1319;49;84;126;Province_1319;x
1320;119;36;255;Province_1320;x
1321;245;69;175;Province_1321;x
1322;70;120;128;Province_1322;x
1323;206;176;200;Province_1323;x
1324;6;15;95;Province_1324;x
1325;69;112;192;Province_1325;x
1326;236;78;0;Province_1326;x
1327;7;69;250;Province_1327;x
1328;85;69;200;Province_1328;x
1329;184;224;133;Province_1329;x
1330;165;176;250;Province_1330;x
1331;247;34;192;Province_1331;x
1332;164;234;53;Province_1332;x
1333;177;86;173;Province_1333;x
1334;197;106;0;Province_1334;x
1335;240;74;255;Province_1335;x
1336;129;50;79;Province_1336;x
1337;215;34;10;Province_1337;x
1338;245;142;192;Province_1338;x
1339;39;189;75;Province_1339;x
1340;6;137;200;Province_1340;x
1341;245;146;0;Province_1341;x
1342;55;14;175;Province_1342;x
1343;147;198;249;Province_1343;x
1344;215;227;10;Province_1344;x
1345;232;144;132;Province_1345;x
1346;246;158;64;Province_1346;x
1347;66;225;110;Province_1347;x
1348;5;176;150;Province_1348;x
1349;216;227;10;Province_1349;x
1350;164;14;200;Province_1350;x
1351;212;54;121;Province_1351;x
1352;128;34;79;Province_1352;x
1353;4;14;225;Province_1353;x
1354;163;69;150;Province_1354;x
1355;118;152;192;Province_1355;x
1356;50;100;126;Province_1356;x
1357;178;94;173;Province_1357;x
1358;184;70;8;Province_1358;x
1359;32;218;173;Province_1359;x
1360;117;140;128;Province_1360;x
1361;162;29;132;Province_1361;x
1362;100;201;61;Province_1362;x
1363;215;80;147;Province_1363;x
1364;142;185;186;Province_1364;x
1365;112;64;255;Province_1365;x
1366;219;84;58;Province_1366;x
1367;154;92;25;Province_1367;x
1368;240;70;128;Province_1368;x
1369;28;77;217;Province_1369;x
1370;130;104;224;Province_1370;x
1371;102;64;154;Province_1371;x
1372;220;218;83;Province_1372;x
1373;239;193;128;Province_1373;x
1374;115;227;215;Province_1374;x
1375;97;56;208;Province_1375;x
1376;195;231;140;Province_1376;x
1377;196;165;91;Province_1377;x
1378;220;131;82;Province_1378;x
1379;179;64;89;Province_1379;x
1380;234;27;27;Province_1380;x
1381;165;42;79;Province_1381;x
1382;239;54;255;Province_1382;x
1383;112;68;64;Province_1383;x
1384;240;66;0;Province_1384;x
1385;141;225;31;Province_1385;x
1386;27;159;129;Province_1386;x
1387;111;56;0;Province_1387;x
1388;162;91;52;Province_1388;x
1389;177;90;79;Province_1389;x
1390;236;220;116;Province_1390;x
1391;203;58;79;Province_1391;x
1392;50;92;126;Province_1392;x
1393;236;57;116;Province_1393;x
1394;49;88;32;Province_1394;x
1395;51;108;126;Province_1395;x
1396;178;98;79;Province_1396;x
1397;49;155;99;Province_1397;x
1398;179;114;79;Province_1398;x
1399;79;160;47;Province_1399;x
1400;201;54;85;Province_1400;x
1401;217;166;43;Province_1401;x
1402;146;81;81;Province_1402;x
1403;117;192;171;Province_1403;x
1404;104;158;240;Province_1404;x
1405;44;97;35;Province_1405;x
1406;246;142;22;Province_1406;x
1407;104;84;0;Province_1407;x
1408;100;90;80;Province_1408;x
1409;99;86;240;Province_1409;x
1410;103;76;64;Province_1410;x
1411;100;102;176;Province_1411;x
1412;122;140;89;Province_1412;x
1413;104;80;192;Province_1413;x
1414;130;176;43;Province_1414;x
1415;103;120;128;Province_1415;x
1416;213;239;212;Province_1416;x
1417;158;78;173;Province_1417;x
1418;231;78;128;Province_1418;x
1419;237;134;253;Province_1419;x
1420;30;76;126;Province_1420;x
1421;26;53;83;Province_1421;x
1422;30;80;32;Province_1422;x
1423;22;100;123;Province_1423;x
1424;232;86;64;Province_1424;x
1425;104;136;64;Province_1425;x
1426;222;145;161;Province_1426;x
1427;145;165;177;Province_1427;x
1428;244;97;32;Province_1428;x
1429;227;164;55;Province_1429;x
1430;105;148;160;Province_1430;x
1431;163;187;193;Province_1431;x
1432;74;143;77;Province_1432;x
1433;232;82;255;Province_1433;x
1434;52;120;32;Province_1434;x
1435;234;204;150;Province_1435;x
1436;179;118;173;Province_1436;x
1437;171;67;109;Province_1437;x
1438;201;42;79;Province_1438;x
1439;155;61;79;Province_1439;x
1440;51;116;126;Province_1440;x
1441;220;30;106;Province_1441;x
1442;194;93;131;Province_1442;x
1443;95;228;201;Province_1443;x
1444;52;80;119;Province_1444;x
1445;215;191;212;Province_1445;x
1446;175;58;79;Province_1446;x
1447;210;158;173;Province_1447;x
1448;60;240;76;Province_1448;x
1449;100;98;144;Province_1449;x
1450;105;162;80;Province_1450;x
1451;105;156;224;Province_1451;x
1452;123;127;208;Province_1452;x
1453;112;72;192;Province_1453;x
1454;44;52;201;Province_1454;x
1455;225;80;159;Province_1455;x
1456;200;19;117;Province_1456;x
1457;43;141;219;Province_1457;x
1458;78;100;126;Province_1458;x
1459;82;62;176;Province_1459;x
1460;98;124;64;Province_1460;x
1461;206;102;173;Province_1461;x
1462;100;32;255;Province_1462;x
1463;179;106;79;Province_1463;x
1464;97;120;255;Province_1464;x
1465;185;197;39;Province_1465;x
1466;124;210;144;Province_1466;x
1467;41;150;61;Province_1467;x
1468;223;90;255;Province_1468;x
1469;131;100;35;Province_1469;x
1470;19;220;250;Province_1470;x
1471;102;203;253;Province_1471;x
1472;225;223;19;Province_1472;x
1473;95;221;251;Province_1473;x
1474;61;202;202;Province_1474;x
1475;28;250;250;Province_1475;x
1476;93;201;201;Province_1476;x
1477;88;251;251;Province_1477;x
1478;86;203;253;Province_1478;x
1479;70;203;253;Province_1479;x
1480;89;201;201;Province_1480;x
1481;58;202;252;Province_1481;x
1482;38;202;252;Province_1482;x
1483;74;202;252;Province_1483;x
1484;100;252;252;Province_1484;x
1485;91;221;251;Province_1485;x
1486;76;252;252;Province_1486;x
1487;73;202;202;Province_1487;x
1488;6;202;252;Province_1488;x
1489;23;222;252;Province_1489;x
1490;39;222;252;Province_1490;x
1491;34;202;252;Province_1491;x
1492;75;223;253;Province_1492;x
1493;24;252;252;Province_1493;x
1494;75;222;252;Province_1494;x
1495;78;202;252;Province_1495;x
1496;11;222;252;Province_1496;x
1497;83;223;253;Province_1497;x
1498;68;253;253;Province_1498;x
1499;5;202;202;Province_1499;x
1500;233;216;92;Province_1500;x
1501;150;42;42;Province_1501;x
1502;143;75;75;Province_1502;x
1503;144;37;37;Province_1503;x
1504;69;102;64;Province_1504;x
1505;185;51;51;Province_1505;x
1506;225;122;0;Province_1506;x
1507;206;106;79;Province_1507;x
1508;208;134;173;Province_1508;x
1509;190;53;53;Province_1509;x
1510;148;144;46;Province_1510;x
1511;89;162;208;Province_1511;x
1512;90;172;96;Province_1512;x
1513;205;158;124;Province_1513;x
1514;108;196;160;Province_1514;x
1515;79;124;126;Province_1515;x
1516;97;116;128;Province_1516;x
1517;225;118;192;Province_1517;x
1518;148;197;227;Province_1518;x
1519;107;218;111;Province_1519;x
1520;227;146;128;Province_1520;x
1521;55;94;80;Province_1521;x
1522;50;96;32;Province_1522;x
1523;69;105;171;Province_1523;x
1524;79;144;220;Province_1524;x
1525;100;156;128;Province_1525;x
1526;225;114;64;Province_1526;x
1527;158;62;62;Province_1527;x
1528;95;92;0;Province_1528;x
1529;106;172;160;Province_1529;x
1530;223;94;64;Province_1530;x
1531;231;66;64;Province_1531;x
1532;230;58;128;Province_1532;x
1533;151;185;125;Province_1533;x
1534;98;136;128;Province_1534;x
1535;226;126;128;Province_1535;x
1536;171;198;23;Province_1536;x
1537;227;125;26;Province_1537;x
1538;98;128;192;Province_1538;x
1539;153;57;57;Province_1539;x
1540;208;130;79;Province_1540;x
1541;99;140;255;Province_1541;x
1542;227;138;192;Province_1542;x
1543;108;206;240;Province_1543;x
1544;206;72;139;Province_1544;x
1545;106;164;96;Province_1545;x
1546;159;86;173;Province_1546;x
1547;221;36;225;Province_1547;x
1548;231;74;0;Province_1548;x
1549;29;161;216;Province_1549;x
1550;186;143;58;Province_1550;x
1551;228;154;64;Province_1551;x
1552;233;94;0;Province_1552;x
1553;104;88;128;Province_1553;x
1554;136;210;148;Province_1554;x
1555;209;139;185;Province_1555;x
1556;219;224;124;Province_1556;x
1557;153;134;173;Province_1557;x
1558;89;66;107;Province_1558;x
1559;103;68;128;Province_1559;x
1560;18;225;17;Province_1560;x
1561;111;52;192;Province_1561;x
1562;198;12;148;Province_1562;x
1563;201;74;24;Province_1563;x
1564;58;117;171;Province_1564;x
1565;239;58;64;Province_1565;x
1566;111;60;128;Province_1566;x
1567;225;248;32;Province_1567;x
1568;179;101;229;Province_1568;x
1569;203;49;78;Province_1569;x
1570;138;169;13;Province_1570;x
1571;112;76;0;Province_1571;x
1572;3;38;13;Province_1572;x
1573;188;200;56;Province_1573;x
1574;231;184;20;Province_1574;x
1575;145;81;35;Province_1575;x
1576;236;42;149;Province_1576;x
1577;162;64;128;Province_1577;x
1578;140;15;150;Province_1578;x
1579;110;220;160;Province_1579;x
1580;191;40;143;Province_1580;x
1581;121;191;224;Province_1581;x
1582;164;195;139;Province_1582;x
1583;108;140;23;Province_1583;x
1584;60;68;219;Province_1584;x
1585;219;44;97;Province_1585;x
1586;113;84;255;Province_1586;x
1587;73;105;12;Province_1587;x
1588;39;54;255;Province_1588;x
1589;227;31;59;Province_1589;x
1590;128;188;22;Province_1590;x
1591;30;80;222;Province_1591;x
1592;109;156;64;Province_1592;x
1593;108;148;128;Province_1593;x
1594;232;197;34;Province_1594;x
1595;236;142;255;Province_1595;x
1596;177;115;49;Province_1596;x
1597;231;147;101;Province_1597;x
1598;9;140;159;Province_1598;x
1599;238;42;192;Province_1599;x
1600;219;210;106;Province_1600;x
1601;124;22;150;Province_1601;x
1602;242;94;255;Province_1602;x
1603;140;215;23;Province_1603;x
1604;198;166;54;Province_1604;x
1605;131;154;204;Province_1605;x
1606;109;152;255;Province_1606;x
1607;56;203;20;Province_1607;x
1608;239;33;57;Province_1608;x
1609;175;213;219;Province_1609;x
1610;31;236;55;Province_1610;x
1611;108;80;213;Province_1611;x
1612;61;225;80;Province_1612;x
1613;110;48;64;Province_1613;x
1614;108;140;192;Province_1614;x
1615;116;224;158;Province_1615;x
1616;234;61;69;Province_1616;x
1617;50;191;200;Province_1617;x
1618;239;50;128;Province_1618;x
1619;241;204;106;Province_1619;x
1620;109;32;192;Province_1620;x
1621;243;235;206;Province_1621;x
1622;13;172;47;Province_1622;x
1623;237;154;0;Province_1623;x
1624;112;183;0;Province_1624;x
1625;74;6;176;Province_1625;x
1626;237;34;255;Province_1626;x
1627;236;146;64;Province_1627;x
1628;200;15;200;Province_1628;x
1629;237;44;0;Province_1629;x
1630;201;29;167;Province_1630;x
1631;223;236;112;Province_1631;x
1632;133;213;62;Province_1632;x
1633;96;201;25;Province_1633;x
1634;30;188;53;Province_1634;x
1635;78;126;60;Province_1635;x
1636;219;217;53;Province_1636;x
1637;87;166;169;Province_1637;x
1638;241;86;0;Province_1638;x
1639;52;121;25;Province_1639;x
1640;180;122;79;Province_1640;x
1641;183;132;255;Province_1641;x
1642;52;128;32;Province_1642;x
1643;46;174;176;Province_1643;x
1644;52;124;126;Province_1644;x
1645;180;130;79;Province_1645;x
1646;207;15;175;Province_1646;x
1647;213;84;63;Province_1647;x
1648;227;205;162;Province_1648;x
1649;241;82;192;Province_1649;x
1650;224;123;123;Province_1650;x
1651;225;191;200;Province_1651;x
1652;215;17;73;Province_1652;x
1653;89;124;82;Province_1653;x
1654;114;96;0;Province_1654;x
1655;114;100;128;Province_1655;x
1656;31;124;26;Province_1656;x
1657;167;186;36;Province_1657;x
1658;113;80;128;Province_1658;x
1659;241;78;64;Province_1659;x
1660;42;72;201;Province_1660;x
1661;192;102;234;Province_1661;x
1662;242;98;64;Province_1662;x
1663;229;187;219;Province_1663;x
1664;203;28;28;Province_1664;x
1665;53;203;7;Province_1665;x
1666;242;102;192;Province_1666;x
1667;93;188;84;Province_1667;x
1668;169;94;173;Province_1668;x
1669;40;88;32;Province_1669;x
1670;240;125;232;Province_1670;x
1671;160;77;210;Province_1671;x
1672;200;117;235;Province_1672;x
1673;80;129;208;Province_1673;x
1674;240;69;110;Province_1674;x
1675;41;96;32;Province_1675;x
1676;168;90;79;Province_1676;x
1677;80;61;184;Province_1677;x
1678;41;100;126;Province_1678;x
1679;41;104;32;Province_1679;x
1680;169;102;173;Province_1680;x
1681;40;127;183;Province_1681;x
1682;42;120;32;Province_1682;x
1683;240;81;86;Province_1683;x
1684;240;137;134;Province_1684;x
1685;172;146;79;Province_1685;x
1686;171;134;173;Province_1686;x
1687;171;130;79;Province_1687;x
1688;120;131;233;Province_1688;x
1689;172;138;79;Province_1689;x
1690;43;128;32;Province_1690;x
1691;160;121;133;Province_1691;x
1692;40;139;159;Province_1692;x
1693;197;15;100;Province_1693;x
1694;175;62;173;Province_1694;x
1695;120;143;209;Province_1695;x
1696;140;145;232;Province_1696;x
1697;120;87;161;Province_1697;x
1698;200;153;158;Province_1698;x
1699;173;154;79;Province_1699;x
1700;172;142;173;Province_1700;x
1701;80;147;83;Province_1701;x
1702;43;132;126;Province_1702;x
1703;74;52;126;Province_1703;x
1704;220;158;209;Province_1704;x
1705;87;220;115;Province_1705;x
1706;74;56;32;Province_1706;x
1707;28;134;135;Province_1707;x
1708;86;116;66;Province_1708;x
1709;57;112;35;Province_1709;x
1710;215;196;132;Province_1710;x
1711;172;118;32;Province_1711;x
1712;183;255;142;Province_1712;x
1713;219;217;76;Province_1713;x
1714;82;225;176;Province_1714;x
1715;47;236;32;Province_1715;x
1716;173;158;173;Province_1716;x
1717;44;144;32;Province_1717;x
1718;175;50;79;Province_1718;x
1719;44;140;126;Province_1719;x
1720;80;123;136;Province_1720;x
1721;239;192;146;Province_1721;x
1722;213;60;93;Province_1722;x
1723;81;104;191;Province_1723;x
1724;120;115;207;Province_1724;x
1725;206;217;77;Province_1725;x
1726;48;64;32;Province_1726;x
1727;190;15;175;Province_1727;x
1728;175;54;173;Province_1728;x
1729;47;52;126;Province_1729;x
1730;40;71;135;Province_1730;x
1731;202;50;79;Province_1731;x
1732;44;136;32;Province_1732;x
1733;219;94;40;Province_1733;x
1734;240;161;86;Province_1734;x
1735;173;150;173;Province_1735;x
1736;173;34;79;Province_1736;x
1737;140;199;183;Province_1737;x
1738;200;159;235;Province_1738;x
1739;240;149;110;Province_1739;x
1740;240;119;86;Province_1740;x
1741;40;121;11;Province_1741;x
1742;200;147;85;Province_1742;x
1743;45;152;32;Province_1743;x
1744;45;32;32;Province_1744;x
1745;200;141;182;Province_1745;x
1746;44;148;126;Province_1746;x
1747;120;155;185;Province_1747;x
1748;174;246;173;Province_1748;x
1749;160;157;210;Province_1749;x
1750;240;143;207;Province_1750;x
1751;174;42;79;Province_1751;x
1752;187;94;173;Province_1752;x
1753;200;129;211;Province_1753;x
1754;240;131;236;Province_1754;x
1755;46;44;126;Province_1755;x
1756;40;163;11;Province_1756;x
1757;40;133;82;Province_1757;x
1758;174;38;173;Province_1758;x
1759;160;89;186;Province_1759;x
1760;46;40;32;Province_1760;x
1761;46;36;126;Province_1761;x
1762;40;151;135;Province_1762;x
1763;44;72;166;Province_1763;x
1764;110;44;255;Province_1764;x
1765;67;84;112;Province_1765;x
1766;96;42;80;Province_1766;x
1767;53;136;32;Province_1767;x
1768;255;15;160;Province_1768;x
1769;155;170;68;Province_1769;x
1770;255;153;153;Province_1770;x
1771;206;101;70;Province_1771;x
1772;206;152;45;Province_1772;x
1773;181;134;173;Province_1773;x
1774;204;79;98;Province_1774;x
1775;147;150;150;Province_1775;x
1776;230;54;0;Province_1776;x
1777;183;34;79;Province_1777;x
1778;250;19;41;Province_1778;x
1779;137;60;168;Province_1779;x
1780;248;107;18;Province_1780;x
1781;102;64;0;Province_1781;x
1782;1;153;63;Province_1782;x
1783;209;115;2;Province_1783;x
1784;240;15;200;Province_1784;x
1785;169;74;32;Province_1785;x
1786;51;212;32;Province_1786;x
1787;93;216;64;Province_1787;x
1788;255;107;28;Province_1788;x
1789;219;154;128;Province_1789;x
1790;196;102;196;Province_1790;x
1791;104;158;82;Province_1791;x
1792;104;196;152;Province_1792;x
1793;201;34;79;Province_1793;x
1794;92;40;255;Province_1794;x
1795;197;255;53;Province_1795;x
1796;89;35;145;Province_1796;x
1797;248;245;172;Province_1797;x
1798;182;150;173;Province_1798;x
1799;219;211;164;Province_1799;x
1800;65;219;88;Province_1800;x
1801;93;56;128;Province_1801;x
1802;117;150;26;Province_1802;x
1803;221;58;192;Province_1803;x
1804;135;77;125;Province_1804;x
1805;104;92;255;Province_1805;x
1806;154;142;173;Province_1806;x
1807;205;94;173;Province_1807;x
1808;148;243;182;Province_1808;x
1809;164;211;156;Province_1809;x
1810;78;108;126;Province_1810;x
1811;29;167;101;Province_1811;x
1812;77;96;32;Province_1812;x
1813;205;98;79;Province_1813;x
1814;81;144;32;Province_1814;x
1815;183;128;213;Province_1815;x
1816;27;36;126;Province_1816;x
1817;155;38;173;Province_1817;x
1818;150;104;225;Province_1818;x
1819;155;158;173;Province_1819;x
1820;27;156;126;Province_1820;x
1821;156;42;79;Province_1821;x
1822;156;46;173;Province_1822;x
1823;28;44;126;Province_1823;x
1824;219;191;83;Province_1824;x
1825;80;136;32;Province_1825;x
1826;80;132;126;Province_1826;x
1827;245;120;6;Province_1827;x
1828;28;48;32;Province_1828;x
1829;235;159;33;Province_1829;x
1830;210;34;79;Province_1830;x
1831;81;152;32;Province_1831;x
1832;227;54;54;Province_1832;x
1833;207;150;214;Province_1833;x
1834;102;179;145;Province_1834;x
1835;185;227;40;Province_1835;x
1836;80;128;32;Province_1836;x
1837;28;40;32;Province_1837;x
1838;155;154;79;Province_1838;x
1839;136;40;113;Province_1839;x
1840;27;32;32;Province_1840;x
1841;155;34;79;Province_1841;x
1842;74;53;198;Province_1842;x
1843;26;148;126;Province_1843;x
1844;207;122;79;Province_1844;x
1845;137;170;36;Province_1845;x
1846;154;150;173;Province_1846;x
1847;207;118;173;Province_1847;x
1848;26;144;32;Province_1848;x
1849;134;53;105;Province_1849;x
1850;154;146;79;Province_1850;x
1851;25;136;32;Province_1851;x
1852;25;132;126;Province_1852;x
1853;171;64;58;Province_1853;x
1854;224;105;71;Province_1854;x
1855;222;162;158;Province_1855;x
1856;217;164;164;Province_1856;x
1857;105;96;64;Province_1857;x
1858;195;44;140;Province_1858;x
1859;185;62;255;Province_1859;x
1860;56;60;192;Province_1860;x
1861;244;221;131;Province_1861;x
1862;54;193;106;Province_1862;x
1863;165;72;84;Province_1863;x
1864;112;120;148;Province_1864;x
1865;58;88;180;Province_1865;x
1866;189;126;64;Province_1866;x
1867;0;124;194;Province_1867;x
1868;184;54;0;Province_1868;x
1869;184;58;128;Province_1869;x
1870;61;124;0;Province_1870;x
1871;83;203;86;Province_1871;x
1872;51;130;63;Province_1872;x
1873;186;82;255;Province_1873;x
1874;186;86;64;Province_1874;x
1875;242;102;96;Province_1875;x
1876;255;125;200;Province_1876;x
1877;60;143;34;Province_1877;x
1878;225;205;36;Province_1878;x
1879;190;138;128;Province_1879;x
1880;189;118;128;Province_1880;x
1881;60;116;64;Province_1881;x
1882;255;223;0;Province_1882;x
1883;255;225;120;Province_1883;x
1884;184;183;51;Province_1884;x
1885;24;212;37;Province_1885;x
1886;13;94;109;Province_1886;x
1887;187;102;255;Province_1887;x
1888;187;98;128;Province_1888;x
1889;60;112;255;Province_1889;x
1890;71;208;47;Province_1890;x
1891;168;175;18;Province_1891;x
1892;108;130;155;Province_1892;x
1893;191;150;192;Province_1893;x
1894;190;142;255;Province_1894;x
1895;188;106;64;Province_1895;x
1896;60;140;0;Province_1896;x
1897;188;114;0;Province_1897;x
1898;70;198;70;Province_1898;x
1899;255;22;200;Province_1899;x
1900;210;42;42;Province_1900;x
1901;232;184;55;Province_1901;x
1902;211;42;79;Province_1902;x
1903;66;60;128;Province_1903;x
1904;255;18;160;Province_1904;x
1905;197;114;79;Province_1905;x
1906;79;120;32;Province_1906;x
1907;147;54;255;Province_1907;x
1908;147;50;128;Province_1908;x
1909;147;222;218;Province_1909;Province between 650, 651, 652, 653 & 654, in Noxus
1910;78;112;32;Province_1910;x
1911;70;116;126;Province_1911;x
1912;19;48;64;Province_1912;x
1913;19;52;192;Province_1913;x
1914;17;144;0;Province_1914;x
1915;207;114;79;Province_1915;x
1916;223;236;73;Province_1916;x
1917;150;159;47;Province_1917;x
1918;255;23;23;Province_1919;x
1919;66;68;64;Province_1920;x
1920;194;66;0;Province_1921;x
1921;183;191;72;Province_1918;x
1922;88;175;171;Province_1922;x
1923;50;0;232;Province_1923;x
1924;17;148;128;Province_1924;x
1925;85;72;32;Province_1925;x
1926;223;86;128;Province_1926;x
1927;64;44;160;Province_1927;x
1928;64;32;64;Province_1928;x
1929;148;138;245;Province_1929;x
1930;195;78;64;Province_1930;x
1931;169;158;86;Province_1931;x
1932;247;22;12;Province_1932;x
1933;67;80;128;Province_1933;x
1934;67;84;255;Province_1934;x
1935;195;74;255;Province_1935;x
1936;70;186;107;Province_1936;x
1937;66;64;255;Province_1937;x
1938;88;116;126;Province_1938;x
1939;179;165;85;Province_1939;x
1940;67;76;0;Province_1940;x
1941;85;58;215;Province_1941;x
1942;88;112;32;Province_1942;x
1943;170;118;255;Province_1943;x
1944;195;70;128;Province_1944;x
1945;60;44;114;Province_1945;x
1946;211;223;69;Province_1946;x
1947;133;106;128;Province_1947;x
1948;43;124;128;Province_1948;x
1949;171;126;192;Province_1949;x
1950;71;140;126;Province_1950;x
1951;163;189;18;Province_1951;x
1952;159;200;147;Province_1952;x
1953;171;208;192;Province_1953;x
1954;35;144;32;Province_1954;x
1955;163;138;79;Province_1955;x
1956;163;142;173;Province_1956;x
1957;216;114;79;Province_1957;x
1958;73;0;244;Province_1958;x
1959;195;82;192;Province_1959;x
1960;171;134;128;Province_1960;x
1961;171;122;64;Province_1961;x
1962;222;17;17;Province_1962;x
1963;43;132;64;Province_1963;x
1964;163;72;18;Province_1964;x
1965;163;146;79;Province_1965;x
1966;53;164;53;Province_1966;x
1967;68;92;126;Province_1967;x
1968;43;136;207;Province_1968;x
1969;196;94;173;Province_1969;x
1970;201;146;58;Province_1970;x
1971;166;50;94;Province_1971;x
1972;171;13;54;Province_1972;x
1973;31;227;36;Province_1973;x
1974;44;144;128;Province_1974;x
1975;74;0;248;Province_1975;x
1976;153;30;210;Province_1976;x
1977;215;30;112;Province_1977;x
1978;196;90;79;Province_1978;x
1979;170;110;0;Province_1979;x
1980;182;25;40;Province_1980;x
1981;38;60;0;Province_1981;x
1982;5;108;192;Province_1982;x
1983;181;39;199;Province_1983;x
1984;133;102;0;Province_1984;x
1985;42;120;0;Province_1985;x
1986;5;104;64;Province_1986;x
1987;4;88;192;Province_1987;x
1988;34;25;232;Province_1988;x
1989;42;112;64;Province_1989;x
1990;74;227;77;Province_1990;x
1991;125;0;150;Province_1991;x
1992;3;190;120;Province_1992;x
1993;119;162;166;Province_1993;x
1994;215;103;103;Province_1994;x
1995;52;0;240;Province_1995;x
1996;6;116;128;Province_1996;x
1997;171;8;15;Province_1997;x
1998;75;0;25;Province_1998;x
1999;37;40;0;Province_1999;x
2000;165;42;64;Province_2000;x
2001;38;56;192;Province_2001;x
2002;22;92;192;Province_2002;x
2003;142;201;142;Province_2003;x
2004;146;198;217;Province_2004;x
2005;69;0;248;Province_2005;x
2006;66;75;120;Province_2006;x
2007;255;25;0;Province_2007;x
2008;116;74;122;Province_2008;x
2009;194;62;192;Province_2009;x
2010;150;90;128;Province_2010;x
2011;70;0;232;Province_2011;x
2012;23;100;128;Province_2012;x
2013;169;94;128;Province_2013;x
2014;210;205;68;Province_2014;x
2015;122;143;170;Province_2015;x
2016;66;72;192;Province_2016;x
2017;202;43;139;Province_2017;x
2018;255;239;163;Province_2018;x
2019;169;102;64;Province_2019;x
2020;42;116;192;Province_2020;x
2021;133;110;255;Province_2021;x
2022;169;106;192;Province_2022;x
2023;80;140;126;Province_2023;x
2024;55;0;0;Province_2024;x
2025;130;66;128;Province_2025;x
2026;166;62;64;Province_2026;x
2027;1;52;0;Province_2027;x
2028;127;186;98;Province_2028;x
2029;236;222;116;Province_2029;x
2030;3;76;128;Province_2030;x
2031;0;40;255;Province_2031;x
2032;237;154;79;Province_2032;x
2033;128;34;64;Province_2033;x
2034;131;86;128;Province_2034;x
2035;131;82;0;Province_2035;x
2036;128;42;0;Province_2036;x
2037;1;48;192;Province_2037;x
2038;129;50;255;Province_2038;x
2039;102;240;0;Province_2039;x
2040;129;46;128;Province_2040;x
2041;150;213;76;Province_2041;x
2042;0;36;128;Province_2042;x
2043;128;38;192;Province_2043;x
2044;99;0;248;Province_2044;x
2045;220;144;23;Province_2045;x
2046;2;64;64;Province_2046;x
2047;3;80;255;Province_2047;x
2048;198;219;57;Province_2048;x
2049;3;84;64;Province_2049;x
2050;0;44;64;Province_2050;x
2051;100;0;232;Province_2051;x
2052;1;56;128;Province_2052;x
2053;44;184;44;Province_2053;x
2054;201;191;169;Province_2054;x
2055;2;60;255;Province_2055;x
2056;129;58;192;Province_2056;x
2057;130;62;0;Province_2057;x
2058;101;0;236;Province_2058;x
2059;134;126;128;Province_2059;x
2060;222;69;44;Province_2060;x
2061;199;134;173;Province_2061;x
2062;14;100;192;Province_2062;x
2063;25;25;119;Province_2063;x
2064;11;68;128;Province_2064;x
2065;140;74;0;Province_2065;x
2066;8;144;64;Province_2066;x
2067;69;104;32;Province_2067;x
2068;12;76;64;Province_2068;x
2069;66;68;126;Province_2069;x
2070;220;189;139;Province_2070;x
2071;13;96;64;Province_2071;x
2072;42;231;108;Province_2072;x
2073;11;64;0;Province_2073;x
2074;12;72;255;Province_2074;x
2075;255;162;53;Province_2075;x
2076;135;142;0;Province_2076;x
2077;25;57;119;Province_2077;x
2078;69;108;126;Province_2078;x
2079;139;62;255;Province_2079;x
2080;213;82;79;Province_2080;x
2081;134;122;0;Province_2081;x
2082;13;92;255;Province_2082;x
2083;248;19;19;Province_2083;x
2084;141;94;0;Province_2084;x
2085;141;98;128;Province_2085;x
2086;14;104;0;Province_2086;x
2087;66;72;32;Province_2087;x
2088;214;86;173;Province_2088;x
2089;213;194;38;Province_2089;x
2090;26;152;192;Province_2090;x
2091;138;54;0;Province_2091;x
2092;11;60;192;Province_2092;x
2093;197;106;79;Province_2093;x
2094;139;66;64;Province_2094;x
2095;249;240;1;Province_2095;x
2096;136;146;128;Province_2096;x
2097;137;158;192;Province_2097;x
2098;220;78;202;Province_2098;x
2099;83;44;126;Province_2099;x
2100;234;228;174;Province_2100;x
2101;75;169;217;Province_2101;x
2102;54;157;76;Province_2102;x
2103;195;86;173;Province_2103;x
2104;139;70;192;Province_2104;x
2105;155;154;255;Province_2105;x
2106;13;88;128;Province_2106;x
2107;142;102;255;Province_2107;x
2108;139;58;128;Province_2108;x
2109;214;90;79;Province_2109;x
2110;155;55;22;Province_2110;x
2111;82;32;32;Province_2111;x
2112;161;110;64;Province_2112;x
2113;32;104;192;Province_2113;x
2114;195;78;173;Province_2114;x
2115;145;151;212;Province_2115;x
2116;31;84;192;Province_2116;x
2117;160;106;255;Province_2117;x
2118;32;108;0;Province_2118;x
2119;160;98;0;Province_2119;x
2120;160;102;128;Province_2120;x
2121;10;48;128;Province_2121;x
2122;242;90;38;Province_2122;x
2123;32;96;255;Province_2123;x
2124;67;80;32;Province_2124;x
2125;121;225;48;Province_2125;x
2126;47;60;255;Province_2126;x
2127;32;100;64;Province_2127;x
2128;159;90;64;Province_2128;x
2129;195;82;79;Province_2129;x
2130;10;44;0;Province_2130;x
2131;8;156;128;Province_2131;x
2132;40;46;10;Province_2132;x
2133;96;100;255;Province_2133;x
2134;222;78;192;Province_2134;x
2135;255;126;40;Province_2135;x
2136;117;109;201;Province_2136;x
2137;255;200;150;Province_2137;x
2138;255;125;215;Province_2138;x
2139;67;70;192;Province_2139;x
2140;67;62;128;Province_2140;x
2141;94;80;255;Province_2141;x
2142;14;108;128;Province_2142;x
2143;68;78;64;Province_2143;x
2144;45;117;59;Province_2144;x
2145;224;98;192;Province_2145;x
2146;143;126;64;Province_2146;x
2147;144;130;192;Province_2147;x
2148;86;84;126;Province_2148;x
2149;143;118;128;Province_2149;x
2150;31;92;128;Province_2150;x
2151;175;62;0;Province_2151;x
2152;182;33;133;Province_2152;x
2153;7;136;128;Province_2153;x
2154;68;100;126;Province_2154;x
2155;213;78;173;Province_2155;x
2156;6;124;64;Province_2156;x
2157;32;251;212;Province_2157;x
2158;134;118;192;Province_2158;x
2159;229;171;33;Province_2159;x
2160;248;245;157;Province_2160;x
2161;5;112;0;Province_2161;x
2162;98;0;244;Province_2162;x
2163;37;208;93;Province_2163;x
2164;212;66;79;Province_2164;x
2165;88;163;215;Province_2165;x
2166;70;128;32;Province_2166;x
2167;22;84;255;Province_2167;x
2168;19;44;255;Province_2168;x
2169;70;124;126;Province_2169;x
2170;89;225;36;Province_2170;x
2171;198;122;79;Province_2171;x
2172;206;110;173;Province_2172;x
2173;84;56;32;Province_2173;x
2174;212;58;79;Province_2174;x
2175;18;32;192;Province_2175;x
2176;147;42;192;Province_2176;x
2177;41;100;0;Province_2177;x
2178;224;220;117;Province_2178;x
2179;85;76;126;Province_2179;x
2180;137;34;0;Province_2180;x
2181;71;132;126;Province_2181;x
2182;149;82;192;Province_2182;x
2183;198;118;173;Province_2183;x
2184;146;34;255;Province_2184;x
2185;146;38;64;Province_2185;x
2186;21;80;128;Province_2186;x
2187;18;40;128;Province_2187;x
2188;10;56;64;Province_2188;x
2189;138;50;192;Province_2189;x
2190;9;32;255;Province_2190;x
2191;224;134;54;Province_2191;x
2192;70;224;54;Province_2192;x
2193;107;121;191;Province_2193;x
2194;135;138;192;Province_2194;x
2195;7;140;255;Province_2195;x
2196;231;154;5;Province_2196;x
2197;198;126;173;Province_2197;x
2198;52;253;37;Province_2198;x
2199;136;154;64;Province_2199;x
2200;14;112;255;Province_2200;x
2201;213;70;173;Province_2201;x
2202;15;120;192;Province_2202;x
2203;70;120;32;Province_2203;x
2204;18;36;0;Province_2204;x
2205;16;128;128;Province_2205;x
2206;137;42;255;Province_2206;x
2207;143;122;255;Province_2207;x
2208;138;46;64;Province_2208;x
2209;192;219;10;Province_2209;x
2210;23;108;64;Province_2210;x
2211;1;230;30;Province_2211;x
2212;176;66;128;Province_2212;x
2213;48;68;192;Province_2213;x
2214;118;241;78;Province_2214;x
2215;7;121;35;Province_2215;x
2216;84;131;246;Province_2216;x
2217;0;63;140;Province_2217;x
2218;40;92;64;Province_2218;x
2219;41;96;192;Province_2219;x
2220;194;70;128;Province_2220;x
2221;120;2;232;Province_2221;x
2222;159;114;95;Province_2222;x
2223;135;16;244;Province_2223;x
2224;5;112;32;Province_2224;x
2225;14;130;246;Province_2225;x
2226;147;54;173;Province_2226;x
2227;125;4;236;Province_2227;x
2228;4;100;126;Province_2228;x
2229;133;231;95;Province_2229;x
2230;242;255;46;Province_2230;x
2231;232;201;46;Province_2231;x
2232;130;130;196;Province_2232;x
2233;67;201;145;Province_2233;x
2234;193;139;95;Province_2234;x
2235;43;51;196;Province_2235;x
2236;106;12;95;Province_2236;x
2237;133;106;79;Province_2237;x
2238;5;104;32;Province_2238;x
2239;169;2;145;Province_2239;x
2240;127;20;145;Province_2240;x
2241;123;14;250;Province_2241;x
2242;238;46;0;Province_2242;x
2243;43;143;201;Province_2243;x
2244;101;200;35;Province_2244;x
2245;113;88;64;Province_2245;x
2246;116;120;128;Province_2246;x
2247;227;10;66;Province_2247;x
2248;234;182;195;Province_2248;x
2249;243;114;255;Province_2249;x
2250;115;112;192;Province_2250;x
2251;115;116;0;Province_2251;x
2252;243;106;0;Province_2252;x
2253;115;108;64;Province_2253;x
2254;243;110;128;Province_2254;x
2255;212;200;121;Province_2255;x
2256;241;90;128;Province_2256;x
2257;243;118;64;Province_2257;x
2258;155;76;12;Province_2258;x
2259;114;104;255;Province_2259;x
2260;129;170;176;Province_2260;x
2261;203;62;173;Province_2261;x
2262;31;0;236;Province_2262;x
2263;225;223;25;Province_2263;x
2264;225;223;29;Province_2264;x
2265;31;0;240;Province_2265;x
2266;31;1;238;Province_2266;x
2267;225;223;23;Province_2267;x
2268;31;0;238;Province_2268;x
2269;237;230;38;Province_2269;x
2270;23;0;244;Province_2270;x
2271;231;224;22;Province_2271;x
2272;23;223;253;Province_2272;x
2273;183;42;255;Province_2273;x
2274;178;66;140;Province_2274;x
2275;202;54;173;Province_2275;x
2276;150;15;175;Province_2276;x
2277;60;221;221;Province_2277;x
2278;79;246;240;Province_2278;x
2279;225;223;21;Province_2279;x
2280;225;223;27;Province_2280;x
2281;90;203;253;Province_2281;x
2282;44;252;252;Province_2282;x
2283;45;202;202;Province_2283;x
2284;46;202;252;Province_2284;x
2285;48;252;252;Province_2285;x
2286;50;202;252;Province_2286;x
2287;47;222;252;Province_2287;x
2288;22;202;252;Province_2288;x
2289;126;201;251;Province_2289;x
2290;43;222;252;Province_2290;x
2291;41;202;202;Province_2291;x
2292;42;202;252;Province_2292;x
2293;2;202;252;Province_2293;x
2294;1;202;202;Province_2294;x
2295;17;202;202;Province_2295;x
2296;125;201;201;Province_2296;x
2297;122;201;251;Province_2297;x
2298;114;201;251;Province_2298;x
2299;117;201;201;Province_2299;x
2300;118;201;251;Province_2300;x
2301;105;201;201;Province_2301;x
2302;62;206;252;Province_2302;x
2303;104;251;251;Province_2303;x
2304;72;252;252;Province_2304;x
2305;30;200;250;Province_2305;x
2306;86;202;252;Province_2306;x
2307;36;250;250;Province_2307;x
2308;100;251;251;Province_2308;x
2309;105;225;255;Province_2309;x
2310;28;252;252;Province_2310;x
2311;8;252;252;Province_2311;x
2312;91;222;252;Province_2312;x
2313;12;252;252;Province_2313;x
2314;15;222;252;Province_2314;x
2315;21;202;202;Province_2315;x
2316;16;252;252;Province_2316;x
2317;18;202;252;Province_2317;x
2318;123;220;250;Province_2318;x
2319;41;201;201;Province_2319;x
2320;15;220;250;Province_2320;x
2321;8;253;253;Province_2321;x
2322;103;220;250;Province_2322;x
2323;71;222;252;Province_2323;x
2324;102;200;250;Province_2324;x
2325;101;200;200;Province_2325;x
2326;117;202;202;Province_2326;x
2327;90;201;251;Province_2327;x
2328;81;202;202;Province_2328;x
2329;37;203;203;Province_2329;x
2330;80;252;252;Province_2330;x
2331;25;202;202;Province_2331;x
2332;10;202;252;Province_2332;x
2333;86;201;251;Province_2333;x
2334;85;201;201;Province_2334;x
2335;87;221;251;Province_2335;x
2336;4;253;253;Province_2336;x
2337;84;251;251;Province_2337;x
2338;9;202;202;Province_2338;x
2339;94;202;252;Province_2339;x
2340;79;222;252;Province_2340;x
2341;93;202;202;Province_2341;x
2342;9;200;200;Province_2342;x
2343;92;252;252;Province_2343;x
2344;10;200;250;Province_2344;x
2345;8;250;250;Province_2345;x
2346;22;200;250;Province_2346;x
2347;62;218;252;Province_2347;x
2348;26;202;252;Province_2348;x
2349;27;222;252;Province_2349;x
2350;96;252;252;Province_2350;x
2351;6;200;250;Province_2351;x
2352;7;220;250;Province_2352;x
2353;62;230;252;Province_2353;x
2354;95;222;252;Province_2354;x
2355;97;202;202;Province_2355;x
2356;14;203;253;Province_2356;x
2357;5;203;203;Province_2357;x
2358;79;221;251;Province_2358;x
2359;70;201;251;Province_2359;x
2360;7;221;251;Province_2360;x
2361;5;201;201;Province_2361;x
2362;11;221;251;Province_2362;x
2363;4;251;251;Province_2363;x
2364;29;124;148;Province_2364;x
2365;127;222;252;Province_2365;x
2366;7;223;253;Province_2366;x
2367;72;251;251;Province_2367;x
2368;71;221;251;Province_2368;x
2369;29;202;202;Province_2369;x
2370;40;252;252;Province_2370;x
2371;69;203;203;Province_2371;x
2372;4;250;250;Province_2372;x
2373;62;234;252;Province_2373;x
2374;84;252;252;Province_2374;x
2375;90;202;252;Province_2375;x
2376;89;202;202;Province_2376;x
2377;88;252;252;Province_2377;x
2378;85;202;202;Province_2378;x
2379;73;201;201;Province_2379;x
2380;6;203;253;Province_2380;x
2381;1;203;203;Province_2381;x
2382;8;251;251;Province_2382;x
2383;66;201;251;Province_2383;x
2384;0;251;251;Province_2384;x
2385;9;201;201;Province_2385;x
2386;2;201;251;Province_2386;x
2387;65;201;201;Province_2387;x
2388;64;251;251;Province_2388;x
2389;34;203;253;Province_2389;x
2390;33;203;203;Province_2390;x
2391;35;223;253;Province_2391;x
2392;9;203;203;Province_2392;x
2393;14;200;250;Province_2393;x
2394;91;220;250;Province_2394;x
2395;119;222;252;Province_2395;x
2396;35;220;250;Province_2396;x
2397;36;253;253;Province_2397;x
2398;10;203;253;Province_2398;x
2399;64;173;200;Province_2399;x
2400;103;221;251;Province_2400;x
2401;101;201;201;Province_2401;x
2402;107;221;251;Province_2402;x
2403;123;222;252;Province_2403;x
2404;124;252;252;Province_2404;x
2405;125;202;202;Province_2405;x
2406;77;201;201;Province_2406;x
2407;78;201;251;Province_2407;x
2408;126;202;252;Province_2408;x
2409;3;223;253;Province_2409;x
2410;122;202;252;Province_2410;x
2411;63;222;252;Province_2411;x
2412;98;201;251;Province_2412;x
2413;87;222;252;Province_2413;x
2414;80;251;251;Province_2414;x
2415;101;202;202;Province_2415;x
2416;83;222;252;Province_2416;x
2417;5;200;200;Province_2417;x
2418;3;220;250;Province_2418;x
2419;32;252;252;Province_2419;x
2420;102;202;252;Province_2420;x
2421;105;202;202;Province_2421;x
2422;121;201;201;Province_2422;x
2423;16;250;250;Province_2423;x
2424;96;251;251;Province_2424;x
2425;102;201;251;Province_2425;x
2426;120;251;251;Province_2426;x
2427;115;221;251;Province_2427;x
2428;33;202;202;Province_2428;x
2429;30;202;252;Province_2429;x
2430;31;222;252;Province_2430;x
2431;62;201;251;Province_2431;x
2432;125;200;200;Province_2432;x
2433;127;220;250;Province_2433;x
2434;36;150;179;Province_2434;x
2435;136;253;253;Province_2435;x
2436;63;221;251;Province_2436;x
2437;14;201;251;Province_2437;x
2438;126;200;250;Province_2438;x
2439;113;201;201;Province_2439;x
2440;116;251;251;Province_2440;x
2441;124;250;250;Province_2441;x
2442;88;250;250;Province_2442;x
2443;58;201;251;Province_2443;x
2444;106;201;251;Province_2444;x
2445;60;252;252;Province_2445;x
2446;99;221;251;Province_2446;x
2447;94;201;251;Province_2447;x
2448;39;223;253;Province_2448;x
2449;42;203;253;Province_2449;x
2450;56;251;251;Province_2450;x
2451;126;200;200;Province_2451;x
2452;17;200;200;Province_2452;x
2453;33;200;200;Province_2453;x
2454;69;202;202;Province_2454;x
2455;25;200;200;Province_2455;x
2456;40;253;253;Province_2456;x
2457;43;223;253;Province_2457;x
2458;26;200;250;Province_2458;x
2459;104;203;203;Province_2459;x
2460;41;200;200;Province_2460;x
2461;65;203;203;Province_2461;x
2462;32;251;251;Province_2462;x
2463;58;203;253;Province_2463;x
2464;41;203;203;Province_2464;x
2465;12;251;251;Province_2465;x
2466;37;200;200;Province_2466;x
2467;119;221;251;Province_2467;x
2468;39;220;250;Province_2468;x
2469;70;202;252;Province_2469;x
2470;50;200;250;Province_2470;x
2471;59;221;251;Province_2471;x
2472;112;219;220;Province_2472;x
2473;20;251;251;Province_2473;x
2474;25;201;201;Province_2474;x
2475;77;202;202;Province_2475;x
2476;81;201;201;Province_2476;x
2477;121;202;202;Province_2477;x
2478;40;250;250;Province_2478;x
2479;64;252;252;Province_2479;x
2480;57;201;201;Province_2480;x
2481;38;200;250;Province_2481;x
2482;76;251;251;Province_2482;x
2483;120;252;252;Province_2483;x
2484;94;203;253;Province_2484;x
2485;98;202;252;Province_2485;x
2486;99;222;252;Province_2486;x
2487;82;201;251;Province_2487;x
2488;108;250;250;Province_2488;x
2489;22;201;251;Province_2489;x
2490;21;201;201;Province_2490;x
2491;23;221;251;Province_2491;x
2492;127;221;251;Province_2492;x
2493;125;226;241;Province_2493;x
2494;66;202;252;Province_2494;x
2495;123;221;251;Province_2495;x
2496;110;200;250;Province_2497;x
2497;68;252;252;Province_2496;x
2498;24;251;251;Province_2498;x
2499;124;251;251;Province_2499;x
2500;83;221;251;Province_2500;x
2501;53;201;201;Province_2501;x
2502;31;221;251;Province_2502;x
2503;51;222;252;Province_2503;x
2504;42;201;251;Province_2504;x
2505;106;200;250;Province_2505;x
2506;105;200;200;Province_2506;x
2507;104;250;250;Province_2507;x
2508;111;220;250;Province_2508;x
2509;0;252;252;Province_2509;x
2510;88;253;253;Province_2510;x
2511;11;223;253;Province_2511;x
2512;12;253;253;Province_2512;x
2513;13;203;203;Province_2513;x
2514;116;252;252;Province_2514;x
2515;113;202;202;Province_2515;x
2516;97;203;203;Province_2516;x
2517;111;222;252;Province_2517;x
2518;74;201;251;Province_2518;x
2519;112;252;252;Province_2519;x
2520;115;222;252;Province_2520;x
2521;69;201;201;Province_2521;x
2522;104;180;181;Province_2522;x
2523;108;253;253;Province_2523;x
2524;73;203;203;Province_2524;x
2525;85;203;203;Province_2525;x
2526;72;253;253;Province_2526;x
2527;77;203;203;Province_2527;x
2528;89;203;203;Province_2528;x
2529;71;223;253;Province_2529;x
2530;37;202;202;Province_2530;x
2531;74;203;253;Province_2531;x
2532;36;252;252;Province_2532;x
2533;67;223;253;Province_2533;x
2534;76;253;253;Province_2534;x
2535;98;203;253;Province_2535;x
2536;87;223;253;Province_2536;x
2537;110;203;253;Province_2537;x
2538;109;203;203;Province_2538;x
2539;82;200;250;Province_2539;x
2540;81;200;200;Province_2540;x
2541;149;226;227;Province_2541;x
2542;80;250;250;Province_2542;x
2543;29;200;200;Province_2543;x
2544;27;220;250;Province_2544;x
2545;45;200;200;Province_2545;x
2546;42;200;250;Province_2546;x
2547;44;250;250;Province_2547;x
2548;49;200;200;Province_2548;x
2549;54;200;250;Province_2549;x
2550;56;250;250;Province_2550;x
2551;53;200;200;Province_2551;x
2552;64;250;250;Province_2552;x
2553;63;220;250;Province_2553;x
2554;66;200;250;Province_2554;x
2555;73;200;200;Province_2555;x
2556;87;220;250;Province_2556;x
2557;72;250;250;Province_2557;x
2558;97;200;200;Province_2558;x
2559;99;220;250;Province_2559;x
2560;96;250;250;Province_2560;x
2561;112;250;250;Province_2561;x
2562;107;222;252;Province_2562;x
2563;114;200;250;Province_2563;x
2564;113;200;200;Province_2564;x
2565;115;220;250;Province_2565;x
2566;116;250;250;Province_2566;x
2567;117;200;200;Province_2567;x
2568;98;200;250;Province_2568;x
2569;95;220;250;Province_2569;x
2570;108;252;252;Province_2570;x
2571;100;250;250;Province_2571;x
2572;94;200;250;Province_2572;x
2573;77;200;200;Province_2573;x
2574;58;200;250;Province_2574;x
2575;60;250;250;Province_2575;x
2576;75;220;250;Province_2576;x
2577;49;150;248;Province_2577;x
2578;67;220;250;Province_2578;x
2579;4;252;252;Province_2579;x
2580;65;200;200;Province_2580;x
2581;70;200;250;Province_2581;x
2582;55;220;250;Province_2582;x
2583;51;220;250;Province_2583;x
2584;46;200;250;Province_2584;x
2585;48;250;250;Province_2585;x
2586;47;220;250;Province_2586;x
2587;43;220;250;Province_2587;x
2588;3;222;252;Province_2588;x
2589;15;124;0;Province_2589;Effectively 1909, Ionia
2590;77;251;233;Province_2590;Piltover South
2591;152;90;7;Province_2591;Brown 1067, Piltover south
